login;password;lastname;firstname
gsn;U3AJ/+1zC!?e;sn;givenName
cruiz;x&L7Fb/%Vp<5;RUIZ;Charlotte
nsamson;4d4ka!*cM/PK;SAMSON;Noemie
mbonhomme;B7=+rFv<6s6V;BONHOMME;Myrtille
aleleu;X<9N4?7mdAvn;LELEU;Arthur
ebriere;nY3B<US$rlG5;BRIERE;Emilie
cauvray;g*9pLW:.hUk5;AUVRAY;Charlotte
npage;B?k*EYk7j94f;PAGE;Noemie
mportier;jJ=#sV2&K8$3;PORTIER;Malcom
avergne;8mxl$p8$*WAx;VERGNE;Arthur
xbdelavilletanay;m6p.?VfF!&68;DE LA VILLETANAY;Xavier Bertrand
édupontmartin;XiQ6M4:n+%<6;DUPONT-MARTIN;Élodie
jloconnor;9*C9Y>zamFca;O'CONNOR;Jean-Luc
adelafontaine;7SpjLtm>*QQ1;DE LA FONTAINE;Anaïs
pflefevre;kzh9N%Y7-clN;LEFÈVRE;Pierre-François
mdangelis;L2%G-q34Z>bv;D'ANGELIS;Mélanie
svandenberghe;2:=RVFx4R53q;VAN DEN BERGHE;Sophie
mbernard;xg2S8?AD=$Uh;BERNARD;Michael
fxsaintetienne;4Vt6$u!=TVst;SAINT-ETIENNE;François Xavier
cmüller;5h#eS&Cct98A;MÜLLER;Cécile
mclopez;zTi/N42mf*nP;LO'PEZ;Marie-Claire
tvanhouten;2pH7>qUy#3mT;VAN HOUTEN;Théo
ldupuismoreau;EEc5<k=2X>Tt;DUPUIS-MOREAU;Léa
maloiselle;lPK<9bW*!%s5;LOISELLE;Marc-André
amichel;1v*8&w6ujGJP;MICHEL;Arthur
sdupont;U.#f$6P-*iQ4;DUPONT;Sebastien
imarchal;ht#99g3+-K+A;MARCHAL;Ines
egillet;B6:lFpqQ>E91;GILLET;Emilie
cgay;5w:8$xtXz7Lv;GAY;Charlotte
ncordier;nE4K!Tvz1*F8;CORDIER;Noemie
mbuisson;F.Ng7fM6?d:c;BUISSON;Martin
idossantos;5U@/8i<nQTJD;DOS SANTOS;Ines
elevy;PQul7=esR4/X;LEVY;Emilie
